PLZ;Stadt;Lat;Lon;LatMax;LatMin;LonMax;LonMin;Filename
1067;Dresden, Germany;510.575.496;137.170.648;51.075.963;510.434.349;137.473.899;13.690.393;01067.json
1069;Dresden, Germany;510.391.349;137.376.748;51.056.633;510.196.478;13.758.394;137.113.219;01069.json
1097;Dresden, Germany;510.659.081;137.361.525;51.085.425;51.053.568;137.552.361;137.244.381;01097.json
1099;Neustadt, Dresden, Germany;510.746.657;137.741.132;51.096.542;510.545.379;137.976.491;13.719.187;01099.json
1108;Dresden, Germany;511.443.239;137.997.057;5.117.815;511.285.391;138.371.901;13.742.293;01108.json
1109;Klotzsche,  Dresden, Germany;511.204.084;137.503.984;511.219.864;511.185.248;137.528.538;137.482.693;01109.json
1127;Dresden, Germany;510.779.366;137.224.379;51.093.411;51.068.225;13.749.088;137.138.561;01127.json
1129;Dresden, Germany;510.943.744;137.205.411;51.111.412;510.815.209;137.665.001;136.889.841;01129.json
1139;Dresden, Germany;510.747.119;136.846.314;51.096.168;51.063.196;137.175.141;136.580.361;01139.json
1156;Dresden, Germany;51.085.544;136.276.849;51.102.745;5.103.038;13.662.932;13.579.469;01156.json
1157;Dresden, Germany;510.634.134;136.678.312;51.088.973;510.474;136.999.699;136.423.051;01157.json
1159;Löbtau, Dresden, Germany;510.422.862;137.001.358;51.049.151;51.030.015;137.112.518;136.887.939;01159.json
1169;Dresden, Germany;510.440.539;136.665.997;51.053.953;51.027.455;136.808.201;1.364.707;01169.json
1187;Plauen, Dresden, Germany;510.266.014;137.090.684;51.038.366;51.021.106;13.722.643;13.700.282;01187.json
1189;Dresden, Germany;510.144.934;136.972.162;510.223.851;510.023.889;137.295.919;136.761.399;01189.json
1217;Dresden, Germany;510.144.606;137.439.601;51.033.354;509.997.361;13.762.488;137.130.489;01217.json
1219;Dresden, Germany;51.024.895;137.678.094;51.045.888;509.996.611;13.788.156;13.746.687;01219.json
1237;Dresden, Germany;510.134.206;137.913.392;51.030.437;51.005.764;138.181.469;13.777.941;01237.json
1239;Dresden, Germany;509.957.514;137.886.884;51.012.839;50.987.968;138.111.321;137.645.041;01239.json
1257;Dresden, Germany;509.980.905;13.813.979;51.020.925;509.759.309;138.447.809;137.875.611;01257.json
1259;Dresden, Germany;510.009.506;138.564.276;51.017.603;5.097.813;138.836.001;13.809.892;01259.json
1277;Dresden, Germany;510.374.106;137.964.562;510.529.321;510.228.331;138.180.979;137.695.569;01277.json
1279;Dresden, Germany;510.229.541;138.339.001;510.429.861;510.117.211;13.847.358;138.041.891;01279.json
1307;Dresden, Germany;510.566.797;137.688.263;51.063.362;51.041.415;13.788.688;137.542.391;01307.json
1309;Dresden, Germany;510.491.316;137.874.211;510.626.701;51.034.707;138.092.759;13.766.575;01309.json
1324;Buehlau, Dresden, Germany;510.618.896;13.854.905;51.066.524;51.047.807;138.708.608;138.339.361;01324.json
1326;Loschwitz, Dresden, Germany;510.542.554;138.145.314;51.069.445;510.384.029;138.364.389;13.780.373;01326.json
1328;Weißig, Dresden, Germany;510.611.037;138.868.079;510.721.029;51.048.285;13.928.917;138.655.598;01328.json
1445;Radebeul, Germany;511.115.439;136.433.181;511.414.279;510.884.349;13.701.015;1.358.228;01445.json
1454;Wachau, Germany;511.372.153;139.178.698;51.203.085;510.611.019;139.892.191;13.850.548;01454.json
1458;Ottendorf-Okrilla, Germany;511.751.105;138.246.035;51.202.334;51.145.868;138.728.231;137.638.761;01458.json
1465;Dresden, Germany;511.260.965;138.417.809;51.158.283;51.094.576;13.890.291;138.166.481;01465.json
1468;Moritzburg, Germany;51.167.684;136.637.681;512.099.819;511.077.681;13.762.558;13.594.075;01468.json
1471;Radeburg, Germany;512.011.969;137.403.313;512.365.951;51.137.683;137.955.249;136.589.811;01471.json
1477;Arnsdorf, Germany;510.946.097;139.891.512;51.126.581;51.061.905;140.482.141;13.924.048;01477.json
1558;Grossenhain, Germany;512.884.296;135.441.928;51.319.078;51.257.191;136.157.139;13.452.902;01558.json
1561;Grossenhain, Germany;512.912.275;13.531.304;513.856.795;512.610.154;136.286.292;13.416.364;01561.json
1587;Riesa, Germany;513.000.708;132.678.421;513.013.165.803;512.986.186.197;132.692.849.803;132.665.870.197;01587.json
1589;Poppitz,  Riesa, Germany;512.907.506;133.241.013;512.935.681;512.869.302;133.313.656;133.182.019;01589.json
1591;Merzdorfer Str.,  Riesa, Germany;513.171.207;132.603.193;513.196.424;5.131.565;132.697.211;132.501.242;01591.json
1594;Stauchitz, Germany;512.606.788;132.323.241;512.965.609;51.202.304;13.405.242;131.922.821;01594.json
1609;Gröditz, Germany;514.110.818;134.471.558;514.309.962;513.958.854;134.755.888;134.167.378;01609.json
1612;Glaubitz, Germany;512.991.786;133.900.947;513.459.999;51.226.629;134.578.251;133.453.459;01612.json
1616;Strehla, Germany;513.639.725;132.150.623;5.141.122;51.325.473;132.929.089;1.318.185;01616.json
1619;Zeithain, Germany;51.356.403;133.251.086;51.437.438;51.293.345;133.883.161;132.291.729;01619.json
1623;Lommatzsch, Germany;512.021.198;132.783.877;512.486.191;51.093.072;133.836.179;132.084.498;01623.json
1640;Coswig, Germany;51.131.589;135.638.128;51.161.428;51.104.779;13.643.035;13.502.274;01640.json
1662;Meissen, Germany;511.632.952;13.475.152;51.192.291;51.125.396;135.391.399;134.245.549;01662.json
1665;Heinrich-Zille-Straße 15, 01445 Radebeul, Germany;511.087.126;136.486.099;511.100.615.803;511.073.636.197;136.499.588.803;136.472.609.197;01665.json
1683;Nossen, Germany;510.799.296;133.231.137;511.292.158;51.008.162;13.428.392;132.309.719;01683.json
1689;Weinböhla, Germany;511.810.234;135.509.434;512.249.321;51.143.894;136.313.969;1.347.807;01689.json
1705;Freital, Germany;510.002.571;136.401.737;510.360.569;509.532;136.975.561;135.796.989;01705.json
1723;Wilsdruff, Germany;510.502.972;135.362.057;51.066.566;509.807.509;136.088.961;13.420.632;01723.json
1728;Bannewitz, Germany;509.902.277;137.244.064;51.009.959;509.512.019;137.906.409;13.673.645;01728.json
1731;Kreischa, Germany;509.442.869;137.586.934;50.988.527;50.914.896;13.807.426;136.993.779;01731.json
1734;Rabenau, Germany;509.492.918;136.668.556;50.985.483;509.125.405;13.720.491;135.920.999;01734.json
1737;Tharandt, Germany;509.700.656;135.362.012;51.026.917;50.922.168;13.610.645;13.428.285;01737.json
1738;Dorfhain, Germany;509.308.286;135.539.209;509.486.699;50.920.886;135.837.789;13.523.792;01738.json
1744;Dippoldiswalde, Germany;508.733.147;136.365.623;509.502.821;507.706.796;13.730.009;13.580.542;01744.json
1762;Hartmannsdorf-Reichenau, Germany;508.107.286;135.834.367;50.847.855;50.772.106;136.338.428;135.203.991;01762.json
1768;Glashütte, Germany;508.507.042;137.757.788;50.932.847;50.805.771;138.289.865;136.669.409;01768.json
1773;Altenberg, Germany;507.639.531;137.578.889;508.336.312;507.167.049;138.166.083;136.517.905;01773.json
1774;Höckendorf,  Klingenberg, Germany;509.321.898;135.860.092;509.392.215;509.251.571;136.020.166;135.700.018;01774.json
1776;Hermsdorf, Germany;507.646.292;136.261.429;507.846.204;507.303.156;136.904.591;13.598.659;01776.json
1778;Geising, Germany;507.569.262;137.923.125;50.813.997;507.239.289;139.031.329;137.737.541;01778.json
1796;Dohma, Germany;509.211.285;139.294.286;509.348.392;508.763.838;139.927.491;139.075.376;01796.json
1809;Heidenau, Germany;509.758.426;138.661.223;509.930.355;509.434.788;139.067.279;138.216.146;01809.json
1814;Rathmannsdorf, Germany;508.882.817;141.998.701;509.616.459;508.422.929;143.122.589;140.764.459;01814.json
1816;Bad Gottleuba-Berggießhübel, Germany;508.484.584;139.407.149;50.868.581;507.884.209;14.039.703;13.860.027;01816.json
1819;Bahretal, Germany;508.744.768;139.492.958;509.295.089;50.829.333;140.348.489;138.608.569;01819.json
1824;Königstein, Germany;509.178.107;140.753.506;509.459.126;508.873.209;14.127.098;13.994.323;01824.json
1825;Liebstadt, Germany;508.618.191;138.521.893;509.136.421;50.802.585;139.016.829;138.093.429;01825.json
1829;Stadt Wehlen, Germany;509.578.373;14.024.747;509.784.709;509.447.101;14.053.772;13.973.377;01829.json
1833;Stolpen, Germany;510.488.464;140.790.883;51.090.459;50.995.262;1.416.457;139.379.951;01833.json
1844;Neustadt in Sachsen, Germany;510.236.392;142.134.443;510.876.723;509.770.043;143.204.158;141.463.444;01844.json
1847;Lohmen, Germany;509.891.752;139.963.251;510.094.611;50.960.033;14.078.963;139.527.389;01847.json
1848;Hohnstein, Germany;509.889.401;141.559.133;51.027.286;50.938.864;14.228.663;140.373.721;01848.json
1855;Kirnitzschtal,  Sebnitz, Germany;509.430.011;142.649.838;509.616.008;508.869.861;143.610.961;141.584.943;01855.json
1877;Bischofswerda, Germany;511.252.883;141.842.026;511.706.668;510.664.906;142.300.507;141.205.289;01877.json
1896;Lichtenberg, Germany;511.905.921;140.051.025;512.395.261;51.154.471;141.072.859;139.276.359;01896.json
1900;Bretnig-Hauswalde, Germany;511.465.467;140.245.274;511.722.811;51.116.734;14.112.486;139.534.139;01900.json
1904;Neukirch/Lausitz, Germany;510.969.696;143.066.911;51.114.182;51.038.447;14.390.265;14.264.399;01904.json
1906;Burkau, Germany;511.757.343;141.795.979;512.198.289;511.555.621;142.684.201;1.412.668;01906.json
1909;Großharthau, Germany;511.080.816;141.052.967;511.486.251;510.736.429;14.133.108;140.017.519;01909.json
1917;Kamenz, Germany;512.841.235;141.133.767;513.339.729;512.298.579;141.728.239;140.381.299;01917.json
1920;Kamenz, Germany;512.749.068;14.102.488;513.348.161;512.300.518;141.742.971;140.395.946;01920.json
1936;Königsbrück, Germany;512.678.455;138.994.289;51.383.712;512.307.492;139.491.992;137.972.972;01936.json
1945;Ruhland, Germany;514.546.649;138.630.854;514.687.092;514.034.786;139.076.782;137.936.274;01945.json
1968;Senftenberg, Germany;515.050.323;139.693.262;51.573.652;514.717.331;141.423.239;139.032.831;01968.json
1979;Lauchhammer, Germany;514.977.789;137.730.322;5.155.399;514.560.577;138.725.203;136.309.684;01979.json
1983;Großräschen, Germany;515.879.761;140.109.679;516.300.599;515.578.239;141.113.507;13.866.296;01983.json
1987;Schwarzheide, Germany;514.808.978;13.858.585;51.513.567;514.592.979;13.933.249;13.797.474;01987.json
1990;Ortrand, Germany;513.756.454;137.611.107;514.012.194;513.590.586;137.848.533;137.370.301;01990.json
1993;Schipkau, Germany;515.168.382;138.977.333;515.316.831;51.483.624;139.149.799;13.847.622;01993.json
1994;Annahütte, Schipkau, Germany;515.634.312;138.852.776;515.779.082;515.522.158;139.156.342;138.463.363;01994.json
1996;Senftenberg, Germany;514.550.595;140.256.589;514.833.751;51.434.523;14.062.514;13.990.327;01996.json
1998;Schipkau, Germany;515.410.754;138.921.507;51.560.132;51.522.754;139.427.349;13.829.873;01998.json
2625;Bautzen, Germany;511.815.867;144.230.008;51.230.499;511.373.659;144.916.441;143.238.999;02625.json
2627;Markt 1, 01454 Radeberg, Germany;51.118.519;13.922.811;511.198.679.803;511.171.700.197;139.241.599.803;139.214.620.197;02627.json
2633;Markt 1, 01454 Radeberg, Germany;51.118.519;13.922.811;511.198.679.803;511.171.700.197;139.241.599.803;139.214.620.197;02633.json
2681;Wilthen, Germany;510.972.443;143.935.792;51.124.212;510.602.519;144.872.609;14.343.216;02681.json
2689;02681 Schirgiswalde, Germany;510.754.918;144.243.608;510.896.678;510.604.466;144.533.919;143.868.977;02689.json
2692;Obergurig, Germany;511.222.369;144.406.271;51.170.099;511.046.679;14.486.555;143.481.929;02692.json
2694;Großdubrau, Germany;512.663.909;145.133.415;51.358.032;511.963.129;14.636.085;14.400.764;02694.json
2699;Neschwitz, Germany;513.105.897;143.291.074;51.355.571;512.214.121;14.426.262;14.254.051;02699.json
2708;Dürrhennersdorf, Germany;510.773.984;146.555.802;5.118.627;51.011.822;14.772.507;145.351.301;02708.json
2727;Neugersdorf, Germany;509.773.042;146.094.086;50.989.964;50.957.616;14.628.585;145.921.171;02727.json
2730;Ebersbach, Germany;510.052.452;145.943.678;510.314.088;50.986.546;14.632.277;145.595.821;02730.json
2733;Cunewalde, Germany;510.983.612;145.208.403;51.121.377;510.778.029;145.829.879;14.469.901;02733.json
2736;Oppach, Germany;510.565.822;145.050.339;510.835.161;510.438.091;14.563.025;14.471.954;02736.json
2739;, Germany;509.878.413;146.508.516;510.215.589;50.963.262;146.827.209;146.206.659;02739.json
2742;Neusalza-Spremberg, Germany;510.381.065;145.276.538;510.583.741;510.037.731;145.944.921;144.985.531;02742.json
2747;Herrnhut, Germany;510.275.548;147.542.719;51.052.428;50.966.866;14.838.167;146.741.841;02747.json
2748;Bernstadt auf dem Eigen, Germany;5.104.724;148.270.791;510.952.709;50.996.956;148.944.089;147.535.369;02748.json
2763;Bertsdorf-Hörnitz, Germany;509.241.386;147.701.227;50.971.356;50.820.174;14.853.364;146.810.239;02763.json
2779;Hainewalde, Germany;508.952.121;146.639.858;50.936.826;50.870.337;147.317.429;146.308.181;02779.json
2782;Seifhennersdorf, Germany;509.352.877;146.074.418;509.627.704;509.135.421;146.554.478;145.604.622;02782.json
2785;Olbersdorf, Germany;508.736.132;147.691.694;50.898.045;508.489.531;147.957.901;14.720.347;02785.json
2788;Hirschfelde,  Zittau, Germany;50.944.667;148.891.187;509.531.438;509.352.487;1.489.441;14.874.331;02788.json
2791;Oderwitz, Germany;509.564.824;147.224.231;50.996.328;50.930.251;147.863.519;146.513.501;02791.json
2794;Leutersdorf, Germany;509.549.285;14.651.938;50.976.964;509.245.211;147.090.369;146.134.791;02794.json
2796;Jonsdorf, Germany;508.540.463;146.947.258;50.870.291;50.837.896;14.729.512;14.657.225;02796.json
2797;Kurort Oybin, Germany;50.841.255;147.425.115;508.627.062;508.367.339;147.589.679;147.301.518;02797.json
2799;Waltersdorf,  Großschönau, Germany;508.690.961;146.498.841;508.776.877;508.492.195;146.601.926;146.448.337;02799.json
2826;Görlitz, Germany;511.481.975;14.975.409;51.163.437;51.130.178;15.001.378;149.521.979;02826.json
2827;Görlitz, Germany;511.123.561;149.634.276;51.159.521;51.050.995;149.979.891;149.063.009;02827.json
2828;Siedlung Königshufen,  Görlitz, Germany;511.722.314;149.728.203;511.757.709;511.677.939;149.744.493.303;149.717.513.697;02828.json
2829;Melanchthonstraße 19, 02826 Görlitz, Germany;511.446.708;149.700.724;511.460.197.803;511.433.218.197;149.714.213.803;149.687.234.197;02829.json
2894;Reichenbach, Germany;51.140.597;147.985.276;51.232.662;51.083.458;148.481.941;14.671.781;02894.json
2899;Feldleuba,  Ostritz, Germany;510.313.863;149.330.332;510.329.097.803;510.302.118.197;149.361.929;149.306.297;02899.json
2906;Niesky, Germany;512.931.501;14.831.172;51.378.269;512.582.377;148.681.168;147.490.013;02906.json
2923;Horka, Germany;512.981.878;148.961.125;513.288.788;51.255.782;149.762.665;148.447.305;02923.json
2929;Rothenburg/Oberlausitz, Germany;513.326.796;149.654.413;514.329.511;512.795.279;150.144.499;14.853.375;02929.json
2943;Weißwasser, Germany;515.043.518;146.345.926;51.537.597;514.274.633;146.885.723;144.834.891;02943.json
2953;Bad Muskau, Germany;5.154.926;147.155.202;515.972.396;515.287.713;147.315.069;14.677.201;02953.json
2956;Rietschen, Germany;513.964.093;147.859.055;5.145.052;51.363.948;148.929.579;146.861.821;02956.json
2957;Krauschwitz, Germany;515.142.078;147.426.882;515.349.521;514.119.108;149.742.676;146.789.547;02957.json
2959;Schleife, Germany;515.434.038;145.335.676;515.636.852;514.958.698;145.730.602;144.397.941;02959.json
2977;Hoyerswerda, Germany;51.424.958;141.861.706;51.460.867;51.385.039;14.367.933;14.066.268;02977.json
2979;Elsterheide, Germany;515.053.795;142.278.628;51.544.505;51.410.268;145.226.399;1.407.376;02979.json
2991;Lauta, Germany;514.567.931;141.008.267;514.884.091;51.399.955;141.816.289;14.032.768;02991.json
2994;Bernsdorf, Germany;51.373.395;140.679.133;514.185.529;513.383.229;14.170.699;139.871.109;02994.json
2997;Wittichenau, Germany;513.836.224;142.431.905;51.420.978;51.332.238;14.315.821;1.415.888;02997.json
2999;Lohsa, Germany;513.942.086;143.972.107;514.521.006;513.039.563;145.011.214;142.811.568;02999.json
3042;Cottbus, Germany;51.762.366;143.586.935;51.815.008;51.728.114;145.016.161;143.394.389;03042.json
3044;Cottbus, Germany;517.775.381;143.320.238;51.807.027;51.761.241;14.379.544;142.750.169;03044.json
3046;Cottbus, Germany;517.561.285;143.092.474;517.702.698;51.748.983;143.454.091;14.277.945;03046.json
3048;Cottbus, Germany;517.444.378;143.180.387;51.751.495;51.718.913;14.329.325;14.275.345;03048.json
3050;Cottbus, Germany;517.346.666;143.373.837;5.175.151;51.716.856;143.576.759;143.236.939;03050.json
3051;Cottbus, Germany;517.109.581;143.551.604;51.742.636;51.692.036;144.506.551;143.033.051;03051.json
3052;Cottbus, Germany;517.621.842;144.172.953;517.698.841;51.748.947;14.471.028;143.663.729;03052.json
3053;Cottbus, Germany;518.106.389;143.853.465;518.221.329;51.784.431;144.095.619;143.650.709;03053.json
3054;Merrimack, NH , USA;42.855.038;-715.130.445;4.291.137;42.790.312;-714.526.799;-71.579.596;03054.json
3055;Cottbus, Germany;517.941.895;143.056.705;51.825.767;51.780.076;143.466.001;14.273.242;03055.json
3058;Str. der Jugend 33, 03050 Cottbus, Germany;51.748.564;143.332.812;517.499.129.803;517.472.150.197;143.346.301.803;143.319.322.197;03058.json
3096;Burg, Germany;518.355.459;141.450.251;518.783.914;518.022.122;141.819.364;140.729.749;03096.json
3099;Kolkwitz, Germany;517.498.527;142.446.897;518.084.091;51.699.821;143.103.369;14.100.841;03099.json
3103;Neupetershain, Germany;516.067.339;141.633.698;516.396.607;515.901.046;142.174.838;141.356.522;03103.json
3116;Drebkau, Germany;516.557.467;142.241.663;51.726.425;515.804.601;143.406.141;14.091.976;03116.json
3119;Welzow, Germany;515.799.724;14.172.616;5.159.284;515.380.751;142.335.721;141.463.259;03119.json
3130;Spremberg, Germany;515.696.303;14.376.813;516.498.652;515.049.016;145.476.928;142.268.223;03130.json
3149;Forst, Germany;517.441.459;146.474.905;518.213.442;516.539.055;147.578.279;145.049.661;03149.json
3159;Döbern, Germany;516.164.876;145.998.587;516.320.729;515.901.357;146.442.127;145.713.096;03159.json
3172;Guben, Germany;519.514.863;14.695.565;520.151.983;518.981.081;147.217.333;146.399.389;03172.json
3185;Peitz, Germany;51.866.667;14.416.667;518.735.565;518.597.765;144.326.744;144.006.596;03185.json
3197;Jänschwalde Ost,  Jänschwalde, Germany;518.745.483;145.426.015;51.877.373;518.718.786;145.485.468;145.366.467;03197.json
3205;Bronkow, Germany;5.172.805;139.005.015;518.396.951;516.115.449;14.050.838;137.979.749;03205.json
3222;Lübbenau, Germany;518.566.755;139.048.905;51.901.904;517.601.251;14.066.596;13.827.493;03222.json
3226;Vetschau, Germany;51.783.243;140.757.974;51.861.949;516.931.873;141.434.595;139.867.606;03226.json
3229;Luckaitztal, Germany;516.496.754;140.256;517.110.549;51.608.836;141.131.071;13.922.907;03229.json
3238;Finsterwalde, Germany;516.302.792;137.085.021;516.512.159;515.188.185;138.150.754;136.285.932;03238.json
3246;Crinitz, Germany;517.399.433;137.664.305;517.597.615;517.143.524;137.830.963;136.952.784;03246.json
3249;Sonnewalde, Germany;517.064.231;136.310.279;517.542.431;516.548.609;137.862.791;135.065.779;03249.json
3253;Tröbitz, Germany;516.471.716;134.956.659;517.045.681;51.544.645;136.520.249;13.338.251;03253.json
4103;Leipzig, Germany;513.302.732;123.891.818;51.352.628;513.114.119;12.407.167;12.375.666;04103.json
4105;Leipzig, Germany;513.492.577;123.610.062;51.361.861;513.392.669;123.858.338;12.338.886;04105.json
4107;Leipzig, Germany;513.296.542;123.734.503;51.336.252;51.323.619;12.383.749;12.353.665;04107.json
4109;Leipzig, Germany;513.383.504;123.634.475;51.345.027;51.330.108;12.383.346;12.344.768;04109.json
4129;Leipzig, Germany;513.616.353;1.239.006;51.392.463;51.352.593;124.015.819;123.783.019;04129.json
4155;Leipzig, Germany;513.601.668;12.358.563;513.679.689;51.350.262;12.377.186;123.275.329;04155.json
4157;Leipzig, Germany;513.746.598;123.724.257;513.878.411;513.613.949;123.852.359;123.486.001;04157.json
4158;Erich-Thiele-Straße 2,  Leipzig, Germany;51.392.571;12.328.055;513.939.199.803;513.912.220.197;123.294.039.803;123.267.060.197;04158.json
4159;Georg-Schumann-Straße 294,  Leipzig, Germany;513.737.014;123.281.937;513.750.503.803;513.723.524.197;123.295.426.803;123.268.447.197;04159.json
4177;Leipzig, Germany;513.413.425;123.354.318;513.575.151;513.286.319;123.451.731;123.136.949;04177.json
4178;Böhlitz-Ehrenberg,  Leipzig, Germany;513.567.237;122.909.554;513.714.269;513.426.601;12.305.827;12.271.554;04178.json
4179;Leipzig, Germany;513.486.621;123.166.973;51.364.677;513.207.519;123.399.909;122.891.371;04179.json
4205;Miltitz,  Leipzig, Germany;513.244.682;122.564.119;51.331.763;51.318.166;122.627.885;12.244.606;04205.json
4207;Leipzig, Germany;513.109.993;122.705.518;51.321.894;512.976.401;123.181.769;12.247.773;04207.json
4209;Leipzig, Germany;513.187.917;122.945.394;5.132.689;51.311.509;123.119.149;122.774.949;04209.json
4229;Leipzig, Germany;51.322.446;123.379.646;51.339.097;513.013.909;123.566.921;123.140.508;04229.json
4249;Leipzig, Germany;512.789.889;122.965.373;51.311.703;51.238.007;12.353.029;122.478.559;04249.json
4275;Leipzig, Germany;513.216.185;123.706.068;51.328.021;513.124.839;12.389.074;1.235.365;04275.json
4277;Leipzig, Germany;513.078.032;12.375.401;51.321.071;51.286.692;124.213.411;12.339.883;04277.json
4279;Leipzig, Germany;512.946.528;123.988.261;51.304.897;512.795.619;124.297.321;12.374.971;04279.json
4288;Hauptstraße,  Leipzig, Germany;513.088.334;124.648.348;513.101.823.803;513.074.844.197;124.661.837.803;124.634.858.197;04288.json
4289;Leipzig, Germany;512.938.064;124.314.657;513.107.929;51.282.296;124.482.629;124.076.449;04289.json
4299;Leipzig, Germany;513.200.403;124.260.263;513.303.799;51.303.918;12.448.374;124.063.529;04299.json
4315;Leipzig, Germany;513.440.031;124.100.607;5.135.019;51.337.514;124.255.241;123.923.321;04315.json
4316;Mölkau, Leipzig, Germany;513.300.829;12.440.517;513.400.709;51.321.848;124.666.621;124.279.408;04316.json
4317;Leipzig, Germany;513.303.754;1.240.504;513.429.968;51.318.112;12.417.178;12.392.902;04317.json
4318;Leipzig, Germany;51.336.667;124.287.949;51.358.368;513.247.349;12.445.149;124.069.489;04318.json
4319;Hans-Weigel-Straße 29,  Leipzig, Germany;513.346.188;124.697.617;513.359.677.803;513.332.698.197;124.711.106.803;124.684.127.197;04319.json
4328;Leipzig, Germany;513.461.818;124.453.329;51.368.768;513.395.571;12.475.298;124.337.531;04328.json
4329;Leipzig, Germany;513.582.758;124.753.491;513.693.771;51.345.802;12.497.464;12.449.076;04329.json
4347;Leipzig, Germany;51.358.485;124.239.486;513.741.459;51.346.328;124.674.149;123.858.338;04347.json
4349;Leipzig, Germany;513.800.901;124.347.137;514.119.231;51.363.855;12.476.616;124.137.251;04349.json
4356;Seehausen, Leipzig, Germany;514.061.849;124.186.447;514.220.581;513.924.319;12.432.642;123.598.821;04356.json
4357;Mockauer Str. 123,  Leipzig, Germany;5.137.541;124.124.701;513.767.589.803;513.740.610.197;124.138.190.803;124.111.211.197;04357.json
4416;Markkleeberg, Germany;512.700.347;123.804.126;51.296.531;51.241.536;1.245.522;123.212.331;04416.json
4420;Markranstädt, Germany;512.878.749;122.127.083;51.348.317;5.123.838;122.818.609;12.146.853;04420.json
4425;Taucha, Germany;513.901.466;125.008.705;51.423.811;51.360.758;125.774.441;124.550.279;04425.json
4435;Schkeuditz, Germany;5.141.283;122.389.121;514.623.009;513.332.019;12.361.627;121.724.469;04435.json
4442;Zwenkau, Germany;512.121.652;123.251.777;51.260.233;51.175.462;123.673.661;122.369.911;04442.json
4451;Borsdorf, Germany;513.489.935;125.460.737;513.760.799;513.255.709;12.575.033;12.499.571;04451.json
4463;Großpösna, Germany;51.237.716;124.831.199;513.069.049;512.074.861;12.542.855;123.986.819;04463.json
4509;Delitzsch, Germany;51.525.574;123.380.993;515.867.854;514.811.594;124.521.675;122.742.764;04509.json
4519;Rackwitz, Germany;514.692.784;123.597.817;51.495.846;51.415.406;124.158.448;122.854.509;04519.json
4523;Pegau, Germany;511.677.678;12.247.835;51.259.725;51.129.761;122.958.239;121.733.269;04523.json
4539;Groitzsch, Germany;51.153.357;122.833.315;51.183.374;51.090.184;12.388.047;122.197.471;04539.json
4552;Neukieritzsch, Germany;511.304.093;124.930.461;51.187.571;51.063.959;12.569.156;124.121.729;04552.json
4564;Böhlen, Germany;512.012.755;123.882.958;5.124.676;51.166.307;12.430.984;12.348.991;04564.json
4565;Regis-Breitingen, Germany;510.931.403;123.958.911;51.129.014;510.730.068;124.588.059;12.348.267;04565.json
4567;Kitzscher, Germany;51.188.107;125.485.655;51.205.863;511.299.421;12.583.126;125.069.819;04567.json
4571;Rötha, Germany;511.958.824;12.427.564;51.242.939;51.174.337;12.561.438;123.918.561;04571.json
4575;Neukieritzsch, Germany;511.499.858;124.104.895;511.979.449;510.987.309;124.431.707;123.206.981;04575.json
4600;Altenburg, Germany;509.888.921;12.429.075;51.031.222;509.221.068;124.963.221;123.765.531;04600.json
4603;Altenburger Str., 09322 Penig, Germany;509.458.957;126.412.015;509.469.639.803;509.442.660.197;126.508.421;126.317.777;04603.json
4610;Meuselwitz, Germany;510.427.059;123.024.728;51.084.673;510.152.869;124.362.415;122.505.998;04610.json
4613;Lucka, Germany;510.947.046;123.326.989;511.036.501;510.612.751;123.683.139;122.829.259;04613.json
4617;Treben, Germany;510.529.342;124.512.352;510.847.038;510.333.059;124.720.165;124.013.644;04617.json
4618;Frohnsdorf, Germany;50.959.662;125.889.356;509.994.021;50.900.076;126.540.589;125.049.861;04618.json
4626;Schmölln, Germany;50.895.434;123.550.616;509.375.034;508.472.343;124.107.008;12.288.746;04626.json
4639;Ponitz, Germany;508.569.371;124.238.729;50.901.974;50.839.714;124.868.729;12.353.304;04639.json
4643;Geithain, Germany;510.550.708;126.859.531;51.103.068;510.302.599;12.742.874;12.618.009;04643.json
4651;Bad Lausick, Germany;511.354.419;126.417.913;511.936.161;51.088.752;127.517.419;12.553.866;04651.json
4654;Frohburg, Germany;510.576.395;125.768.999;5.112.345;51.016.359;126.534.968;12.501.158;04654.json
4655;Kohren-Sahlis, Germany;510.173.283;12.606.485;51.036.763;50.978.938;12.665.314;12.525.694;04655.json
4657;Narsdorf, Germany;5.101.623;127.169.869;510.438.349;509.855.469;12.742.427;126.395.589;04657.json
4668;Grimma, Germany;512.364.426;127.202.313;513.124.685;511.344.471;129.315.571;126.398.105;04668.json
4680;Zschadraß, Germany;511.322.299;128.002.136;511.642.149;510.920.441;12.895.977;12.674.087;04680.json
4683;Belgershain, Germany;512.787.522;12.591.811;513.141.879;512.080.411;12.670.292;125.102.819;04683.json
4687;Trebsen, Germany;512.878.672;127.582.113;513.152.751;512.590.864;128.019.759;12.655.588;04687.json
4703;Bockelwitz, Germany;51.156.469;129.270.969;51.225.129;51.127.956;13.021.975;12.849.179;04703.json
4720;Döbeln, Germany;511.229.322;131.167.196;511.556.866;510.782.015;131.749.202;130.139.594;04720.json
4736;Waldheim, Germany;510.737.877;130.277.019;510.893.468;51.046.968;130.975.371;12.953.662;04736.json
4741;Roßwein, Germany;510.759.242;131.732.341;511.140.788;510.493.831;13.260.427;130.782.549;04741.json
4746;Hartha, Germany;510.963.493;129.725.726;51.157.466;510.705.161;130.403.701;12.878.218;04746.json
4749;Ostrau, Germany;512.065.428;13.146.946;51.235.165;51.172.087;13.212.195;130.396.849;04749.json
4758;Oschatz, Germany;513.006.128;131.059.825;51.334.101;512.488.662;13.163.693;130.184.659;04758.json
4769;Mügeln, Germany;512.364.187;13.045.206;512.633.308;512.112.551;13.110.407;13.023.091;04769.json
4774;Dahlen, Germany;513.622.295;129.958.666;514.330.368;513.144.887;130.733.041;129.024.818;04774.json
4779;Wermsdorf, Germany;513.214.185;129.791.264;513.537.824;51.241.492;130.489.469;128.686.791;04779.json
4808;Wurzen, Germany;513.698.806;127.436.557;513.925.386;513.008.354;12.908.097;127.111.042;04808.json
4821;Brandis, Germany;513.299.748;12.613.431;513.525.581;51.296.595;126.917.991;125.750.971;04821.json
4824;Beucha, Brandis, Germany;513.225.786;125.713.641;513.343.915;513.140.285;125.884.927;125.577.606;04824.json
4827;Machern, Germany;513.584.868;126.286.071;51.396.593;51.341.682;126.658.881;125.589.651;04827.json
4828;Bennewitz, Germany;51.364.395;126.883.075;51.420.803;51.296.181;127.553.141;12.617.902;04828.json
4838;Eilenburg, Germany;514.597.557;12.617.702;514.916.469;514.236.763;126.842.754;12.508.113;04838.json
4849;Laußig, Germany;516.034.528;126.503.593;51.662.939;515.333.529;12.778.224;12.481.312;04849.json
4860;Zinna, Germany;515.486.301;129.525.423;51.602.387;51.514.346;131.039.831;128.015.881;04860.json
4861;Bennewitz,  Torgau, Germany;515.114.899;130.273.106;515.156.711;515.080.196;130.351.476;13.025.501;04861.json
4862;Mockrehna, Germany;515.077.396;128.169.302;515.670.801;514.499.719;12.935.392;127.334.299;04862.json
4874;Belgern-Schildau, Germany;51.482.398;131.255.774;51.523.129;5.140.768;13.203.893;13.020.958;04874.json
4880;Dommitzsch, Germany;516.386.934;128.791.429;51.684.871;516.148.397;129.044.911;128.028.983;04880.json
4886;Beilrode, Germany;515.710.416;130.669.691;516.202.229;515.485.545;131.618.523;130.408.692;04886.json
4889;Belgern-Schildau, Germany;514.565.018;129.272.771;51.492.704;514.214.599;130.735.259;12.833.049;04889.json
4895;Falkenberg/Elster, Germany;515.923.731;132.279.272;51.656.009;514.480.231;13.335.328;13.141.428;04895.json
4910;Elsterwerda, Germany;514.633.249;135.104.975;51.515.076;51.425.841;136.039.279;134.449.089;04910.json
4916;Schönewalde, Germany;517.208.106;132.298.038;51.885.737;515.973.719;133.926.381;13.050.561;04916.json
4924;Uebigau-Wahrenbrück, Germany;515.321.537;133.789.452;51.598.048;51.424.771;1.355.436;13.246.736;04924.json
4928;Plessa, Germany;514.671.599;136.197.367;515.023.019;514.165.661;137.222.151;13.541.273;04928.json
4931;Mühlberg, Germany;514.344.034;13.221.322;51.499.435;51.384.576;133.814.871;13.174.037;04931.json
4932;Prösen, Röderland, Germany;514.271.039;135.001.599;514.447.818;514.158.427;135.270.424;134.647.733;04932.json
4934;Hohenleipisch, Germany;51.498.178;135.596.096;5.153.219;51.459.785;13.639.532;135.116.109;04934.json
4936;Schlieben, Germany;517.227.689;133.819.019;517.905.638;516.585.648;134.625.999;132.920.882;04936.json
4938;Uebigau,  Uebigau-Wahrenbrück, Germany;515.884.599;133.086.696;516.197.836;5.156.422;133.418.819;132.714.686;04938.json
6108;Halle (Saale), Germany;514.872.577;119.600.411;51.503.277;514.778.309;119.831.558;119.407.478;06108.json
6110;Halle (Saale), Germany;514.697.872;119.744.057;514.804.769;51.455.812;1.198.391;11.951.422;06110.json
6112;Halle (Saale), Germany;514.676.131;11.995.423;514.999.661;51.442.714;120.253.421;119.751.579;06112.json
6114;Halle (Saale), Germany;515.032.851;119.596.853;51.510.165;51.489.335;11.990.566;11.948.545;06114.json
6116;Halle (Saale), Germany;514.787.653;120.365.785;515.028.249;514.412.819;12.089.976;11.991.518;06116.json
6118;Trotha,  Halle (Saale), Germany;51.513.481;11.961.108;515.204.244;515.065.365;119.771.154;119.451.006;06118.json
6120;Heide-Nord - Blumenau,  Halle (Saale), Germany;51.514.162;119.058.149;515.208.829;515.093.219;119.219.679;118.900.851;06120.json
6122;Halle (Saale), Germany;514.838.062;119.282.367;51.490.127;514.764.219;119.479.241;11.909.131;06122.json
6124;Halle (Saale), Germany;514.738.758;119.222.836;514.821.239;51.452.502;119.545.269;119.005.188;06124.json
6126;Halle (Saale), Germany;514.790.619;119.027.427;51.496.716;51.462.908;119.154.979;11.864.101;06126.json
6128;Halle (Saale), Germany;514.592.668;119.475.091;51.470.318;514.324.331;119.642.241;11.914.724;06128.json
6130;Halle (Saale), Germany;514.508.823;119.735.101;51.457.617;5.144.498;119.953.449;119.592.721;06130.json
6132;Silberhöhe, Halle (Saale), Germany;514.391.995;119.611.021;51.446.332;514.305.431;11.976.921;119.505.751;06132.json
6179;Bennstedt, Germany;514.564.641;118.188.107;515.189.447;51.390.003;11.931.894;11.696.395;06179.json
6184;Gröbers,  Kabelsketal, Germany;514.297.357;121.161.892;514.333.676;514.260.897;121.233.303;121.036.581;06184.json
6188;Landsberg, Germany;515.321.195;121.618.407;515.826.755;514.567.613;122.078.574;119.904.873;06188.json
6193;Petersberg,  Petersberg, Germany;515.972.222;119.530.556;516.041.529;515.902.905;11.969.063;119.370.482;06193.json
6198;Salzatal, Germany;515.234.299;117.527.623;515.544.562;51.465.678;118.716.095;117.132.578;06198.json
6217;Merseburg (Saale), Germany;513.548.323;119.791.972;51.390.797;512.910.309;12.040.393;118.889.071;06217.json
6231;Tollwitz, Germany;512.792.897;120.920.822;513.121.099;512.518.761;121.678.611;12.051.462;06231.json
6237;Leuna, Germany;513.228.697;120.820.163;51.378.937;512.484.089;121.959.179;11.970.303;06237.json
6242;Braunsbedra, Germany;51.279.173;118.881.677;51.342.998;512.347.251;11.973.488;11.818.356;06242.json
6246;Bad Lauchstädt, Germany;513.881.993;118.637.798;51.425.418;513.324.719;119.419.859;117.138.521;06246.json
6249;Mücheln, Germany;513.080.784;118.134.011;513.372.559;512.675.271;11.848.088;11.730.703;06249.json
6255;Schafstädt, 06246 Bad Lauchstädt, Germany;513.824.897;117.743.674;513.900.421;513.732.712;117.867.508;117.634.484;06255.json
6258;Schkopau, Germany;51.389.752;120.528.729;514.389.329;51.345.712;121.826.729;11.903.255;06258.json
6259;Frankleben,  Braunsbedra, Germany;513.097.446;119.395.771;513.147.464;513.069.062;119.491.387;119.207.016;06259.json
6268;Querfurt, Germany;513.812.676;116.041.294;514.171.013;512.745.034;116.485.446;113.927.595;06268.json
6279;Schraplau, Germany;51.435.727;116.650.061;514.529.447;514.202.547;116.781.541;116.146.753;06279.json
6295;Eisleben, Germany;515.195.173;115.576.749;516.020.575;514.126.967;116.366.138;114.636.743;06295.json
6308;Klostermansfeld, Germany;515.831.998;114.924.504;516.041.861;515.599.951;115.314.434;114.597.003;06308.json
6311;Helbra, Germany;515.547.328;114.876.197;51.575.076;515.355.361;11.523.309;114.664.629;06311.json
6313;Ahlsdorf, Germany;515.341.655;114.822.912;515.625.038;51.508.517;115.199.581;114.411.639;06313.json
6317;Seegebiet Mansfelder Land, Germany;514.608.293;116.713.282;515.706.629;51.422.948;11.781.087;11.551.419;06317.json
6333;Hettstedt, Germany;516.441.297;11.509.236;516.685.176;516.100.442;115.696.179;114.730.763;06333.json
6343;Mansfeld, Germany;515.981.877;114.586.877;5.164.333;51.544.826;11.517.266;11.214.517;06343.json
6347;Gerbstedt, Germany;516.333.504;116.250.267;516.636.468;515.781.572;117.644.641;115.104.616;06347.json
6366;Köthen, Germany;517.397.951;119.707.612;517.897.641;51.713.335;120.189.418;11.933.733;06366.json
6369;Libehna, Germany;51.713.486;120.183.022;517.932.189;516.417.779;121.775.711;118.439.041;06369.json
6385;Aken (Elbe), Germany;51.839.326;120.438.973;51.879.355;51.796.903;121.440.399;11.950.375;06385.json
6386;Osternienburger Land, Germany;51.8;12.016.667;518.068.997;517.930.993;120.326.744;120.006.596;06386.json
6388;Gröbzig, Germany;516.814.113;118.753.915;517.311.302;51.656.196;119.375.233;11.838.677;06388.json
6406;Bernburg, Germany;517.804.998;11.781.959;51.843.884;5.172.597;118.714.811;116.804.451;06406.json
6408;Ilberstedt, Germany;518.019.786;116.685.635;518.330.631;517.176.569;118.779.574;11.639.344;06408.json
6420;Könnern, Germany;516.751.631;117.662.138;51.742.045;51.618.602;11.865.609;116.035.501;06420.json
6425;Plötzkau, Germany;516.994.757;116.705.847;517.673.229;516.555.379;11.731.099;11.581.352;06425.json
6429;Nienburg, Germany;518.362.645;117.660.574;51.881.326;517.960.838;118.826.207;11.658.302;06429.json
6449;Giersleben, Germany;517.793.089;114.729.835;51.910.726;51.690.102;116.243.361;113.082.129;06449.json
6456;Sandersleben, Germany;516.768.353;11.566.991;517.015.416;516.481.196;116.128.751;115.437.992;06456.json
6458;Hedersleben, Germany;518.571.473;112.530.508;51.892.068;518.399.458;113.106.174;112.277.745;06458.json
6463;Ermsleben,  Falkenstein/Harz, Germany;5.173.308;1.133.572;517.418.666;517.251.142;113.591.903;113.209.184;06463.json
6464;Seeland, Germany;517.948.047;113.696.239;518.134.159;51.770.345;11.412.999;113.321.689;06464.json
6466;Gatersleben, Germany;518.235.672;112.866.114;51.832.718;51.797.651;11.353.929;11.234.268;06466.json
6467;Seeland, Germany;517.841.822;113.140.665;51.806.631;517.575.069;11.347.319;112.584.221;06467.json
6469;Seeland, Germany;518.018.546;113.349.007;51.822.567;51.794.311;113.955.529;113.160.949;06469.json
6484;Quedlinburg, Germany;518.120.745;111.357.179;51.860.822;51.740.913;112.554.151;110.107;06484.json
6485;Gernrode, Germany;516.976.097;111.039.905;517.452.483;516.722.943;111.641.926;110.544.037;06485.json
6493;Ballenstedt, Germany;517.203.214;112.383.073;517.997.072;516.648.307;112.914.682;111.378.104;06493.json
6502;Thale, Germany;517.474.415;110.413.686;518.381.538;516.530.853;111.149.987;108.866.185;06502.json
6526;Sangerhausen, Germany;514.976.997;112.981.903;51.589.904;51.429.612;11.382.164;110.804.271;06526.json
6528;Blankenheim, Germany;515.069.134;114.284.057;515.266.755;514.800.065;114.668.054;113.950.557;06528.json
6536;Berga, Germany;5.146.302;110.695.127;51.633.805;514.316.404;111.829.249;109.105.181;06536.json
6537;Kelbra, Germany;514.376.859;110.932.775;514.611.516;5.140.176;111.765.855;109.778.497;06537.json
6542;Allstedt, Germany;514.042.192;113.881.832;514.300.227;513.398.263;114.516.071;113.507.265;06542.json
6543;Wippra, Sangerhausen, Germany;515.704.652;112.754.636;515.796.583;515.665.903;112.853.704;112.592.569;06543.json
6556;Artern, Germany;513.673.649;112.954.854;514.007.626;513.419.308;113.373.391;112.376.677;06556.json
6567;Bad Frankenhausen/Kyffhäuser, Germany;513.563.251;111.108.943;514.136.061;513.109.409;112.064.899;110.540.651;06567.json
6571;Wiehe, Germany;512.886.317;113.711.456;51.337.762;5.123.655;114.754.861;11.284.068;06571.json
6577;Heldrungen, Germany;513.008.106;112.175.261;513.259.114;512.789.501;113.064.852;111.778.612;06577.json
6578;Kannawurf, Germany;512.923.697;111.138.654;513.458.489;512.537;112.178.501;11.029.646;06578.json
6618;Crölpa-Löbschütz, Germany;511.050.239;118.277.849;51.228.933;51.042.641;11.921.266;11.716.401;06618.json
6628;Bad Kösen, Germany;51.135.957;117.244.371;511.429.578;511.289.551;117.404.445;117.084.297;06628.json
6632;Freyburg, Germany;512.124.025;117.699.694;512.504.407;511.806.416;118.564.932;116.936.225;06632.json
6636;Laucha an der Unstrut, Germany;512.175.708;116.589.562;512.647.579;51.188.947;11.730.805;11.598.802;06636.json
6638;Karsdorf, Germany;512.719.833;116.560.651;51.305.961;512.463.989;11.681.168;115.957.409;06638.json
6642;Nebra (Unstrut), Germany;512.844.475;115.779.416;512.985.277;512.507.658;116.069.373;115.183.588;06642.json
6647;Bad Bibra, Germany;512.082.841;115.858.075;512.613.994;51.174.379;116.484.418;115.184.911;06647.json
6648;Eckartsberga, Germany;511.207.459;11.555.558;511.564.346;511.023.554;116.109.554;114.626.749;06648.json
6667;Weißenfels, Germany;511.972.771;119.689.146;512.352.238;511.792.036;120.374.718;119.156.959;06667.json
6679;Hohenmölsen, Germany;511.563.786;120.998.513;512.052.946;511.139.633;122.133.646;120.157.252;06679.json
6682;Teuchern, Germany;511.230.516;120.267.026;511.669.014;510.820.364;121.080.666;118.823.632;06682.json
6686;Sössen, Germany;512.555.944;121.409.692;51.279.071;511.660.978;122.046.641;11.999.018;06686.json
6688;Großkorbetha, Germany;512.609.919;12.026.499;512.888.711;51.225.941;120.747.061;11.975.259;06688.json
6711;Theißen, Germany;5.108.538;121.062;511.056.859;510.709.902;121.233.198;120.869.369;06711.json
6712;Zeitz, Germany;510.184.289;121.518.573;510.913.246;509.451.278;122.627.741;12.008.215;06712.json
6721;Osterfeld, Germany;510.801.472;11.929.795;511.003.786;510.581.837;119.648.463;119.126.656;06721.json
6722;Wetterzeube, Germany;510.067.869;120.129.097;510.334.951;509.884.603;120.620.124;119.683.225;06722.json
6729;Tröglitz,  Elsteraue, Germany;510.590.131;121.817.254;510.657.065;510.500.461;121.974.097;121.704.621;06729.json
6749;Bitterfeld, Bitterfeld-Wolfen, Germany;516.265.334;123.133.061;516.452.427;51.604.336;123.517.052;122.795.358;06749.json
6766;Wolfen, Bitterfeld-Wolfen, Germany;516.629.152;122.698.908;516.918.208;516.396.102;122.865.623;122.381.297;06766.json
6772;Zschornewitz, Gräfenhainichen, Germany;517.161.702;123.999.794;517.458.321;51.694.052;124.435.734;12.368.997;06772.json
6773;, Germany;517.288.165;124.549.326;5.182.887;516.589.399;12.620.713;12.339.263;06773.json
6774;Muldestausee, Germany;516.585.033;124.290.069;51.659.661;516.567.145;124.319.252;124.263.249;06774.json
6779;Raguhn, Germany;517.094.279;122.681.424;517.258.554;516.915.175;123.639.565;122.249.964;06779.json
6780;Zörbig, Germany;516.281.275;121.195.606;517.158.979;515.762.111;122.241.879;120.069.663;06780.json
6785;Oranienbaum-Wörlitz, Germany;51.798.169;124.046.194;518.849.533;517.744.719;125.328.115;122.846.006;06785.json
6792;Sandersdorf,  Sandersdorf-Brehna, Germany;516.273.637;122.664.165;516.330.785;516.176.463;122.823.281;122.508.112;06792.json
6794;Zscherndorf, Sandersdorf-Brehna, Germany;516.156.633;122.759.704;51.619.213;516.051.497;122.849.404;122.615.977;06794.json
6796;Brehna,  Sandersdorf-Brehna, Germany;515.559.949;122.087.874;51.565.094;515.436.196;122.272.122;121.904.755;06796.json
6800;Altjeßnitz, Germany;516.867.172;123.244.636;51.705.002;51.657.174;123.898.131;122.769.561;06800.json
6803;Bitterfeld-Wolfen, Germany;516.503;122.896.174;516.654.079;51.632.991;123.285.509;12.252.851;06803.json
6808;Holzweißig,  Bitterfeld-Wolfen, Germany;516.013.438;123.102.127;516.096.441;515.940.234;123.178.287;122.976.211;06808.json
6809;Roitzsch,  Sandersdorf-Brehna, Germany;515.766.582;12.265.929;515.836.697;515.663.117;122.768.746;122.521.234;06809.json
6842;Dessau-Roßlau, Germany;518.180.517;122.418.011;51.833.801;517.331.239;123.478.381;122.160.479;06842.json
6844;Dessau-Roßlau, Germany;518.595.265;122.608.019;518.810.081;51.819.588;123.236.035;122.278.661;06844.json
6846;Dessau-Roßlau, Germany;518.450.213;12.194.834;518.783.889;518.154.671;122.390.041;12.132.429;06846.json
6847;Dessau-Roßlau, Germany;518.040.542;121.766.264;51.837.403;51.757.406;122.425.218;121.108.769;06847.json
6849;Dessau-Roßlau, Germany;517.994.406;122.537.713;5.181.725;51.781.233;12.281.992;122.333.639;06849.json
6861;Dessau-Roßlau, Germany;518.958.962;122.016.793;51.935.493;51.875.757;12.245.286;12.155.033;06861.json
6862;Thießen, Germany;519.240.181;122.598.622;52.044.965;51.857.318;124.243.291;121.004.049;06862.json
6868;, Germany;519.939.398;124.109.632;52.041.162;519.421.888;125.013.671;122.786.846;06868.json
6869;Thießen, Germany;519.381.058;124.305.467;520.084.561;51.846.912;12.604.022;123.053.799;06869.json
6886;Wittenberg, Germany;518.669.396;125.926.233;51.908.212;518.270.701;127.332.598;124.805.059;06886.json
6888;Wittenberg, Germany;518.461.779;126.354.711;518.580.521;5.179.189;127.761.439;125.381.109;06888.json
6889;Reinsdorf,  Lutherstadt Wittenberg, Germany;518.939.829;126.031.956;518.987.875;518.873.372;126.124.106;125.928.999;06889.json
6895;Kropstädt, Germany;518.945.794;128.306.253;51.967.566;518.077.561;12.910.335;127.094.695;06895.json
6901;Kemberg, Germany;517.845.531;126.593.912;518.446.531;51.685.161;12.824.488;12.417.061;06901.json
6905;Bad Schmiedeberg, Germany;516.904.785;127.353.461;517.745.721;516.179.118;128.445.301;12.618.579;06905.json
6917;, Germany;518.346.387;129.829.937;519.393.451;51.704.891;131.795.969;127.764.479;06917.json
6925;, Germany;517.307.201;130.443.907;51.779.495;51.636.997;13.180.582;128.295.299;06925.json
7318;Saalfeld, Germany;506.351.912;113.594.746;506.811.929;50.596.151;114.255.601;11.292.284;07318.json
7330;Probstzella, Germany;505.297.658;113.827.995;506.147.741;504.997.861;1.148.351;11.274.075;07330.json
7333;Unterwellenborn, Germany;506.549.783;114.381.075;507.108.359;506.138.111;115.184.131;113.548.871;07333.json
7334;Kamsdorf, Germany;506.301.522;114.634.486;506.533.479;50.607.338;114.980.091;114.176.981;07334.json
7338;Leutenberg, Germany;505.641.698;114.541.587;506.042.402;505.231.458;115.558.689;113.844.599;07338.json
7343;Wurzbach, Germany;504.626.239;115.372.014;50.524.975;50.374.358;115.914.041;114.778.261;07343.json
7349;Lehesten Thür Wald, Germany;504.578.272;114.557.681;50.513.374;50.420.737;114.983.809;114.153.801;07349.json
7356;Bad Lobenstein, Germany;504.415.546;116.181.353;504.939.251;50.406.359;117.334.079;1.154.886;07356.json
7366;Blankenstein, Germany;504.047.504;116.951.129;504.086.316;503.935.246;117.059.982;116.743.253;07366.json
7368;Ebersdorf, 07929 Saalburg-Ebersdorf, Germany;504.851.185;11.666.463;504.949.798;504.792.886;116.755.416;116.488.692;07368.json
7381;Pößneck, Germany;506.968.663;115.968.389;507.336.194;506.760.757;116.336.057;115.372.466;07381.json
7387;Krölpa, Germany;506.772.616;115.400.467;507.430.759;50.619.722;1.156.677;114.602.629;07387.json
7389;Ranis, Germany;506.620.018;115.676.106;506.832.372;506.424.162;116.003.707;115.417.894;07389.json
7407;Rudolstadt, Germany;507.182.972;113.336.548;507.470.554;506.682.959;113.779.547;112.138.055;07407.json
7422;Bad Blankenburg, Germany;506.823.516;112.705.981;507.129.754;506.373.931;113.129.231;111.830.434;07422.json
7426;Königsee, Germany;506.619.782;111.003.734;506.932.133;506.338.899;11.157.064;110.094.974;07426.json
7427;Schwarzburg, Germany;506.454.044;112.013.617;50.668.144;506.195.939;112.560.841;111.466.651;07427.json
7429;Sitzendorf, Germany;506.296.753;111.653.435;506.392.562;506.196.897;111.956.348;11.151.387;07429.json
7545;Gera, Germany;508.805.212;120.805.073;50.894.225;508.628.208;1.209.543;120.724.011;07545.json
7546;Gera, Germany;508.809.611;121.069.788;50.913.158;50.862;121.396.731;120.544.949;07546.json
7548;Crimla, Germany;508.030.199;120.451.666;508.064.383;50.794.987;120.626.919;12.030.905;07548.json
7549;Gera, Germany;508.445.459;120.625.793;50.856.049;508.185.759;120.784.559;12.026.261;07549.json
7551;Lobensteiner Str., 07549 Gera, Germany;508.484.457;120.589.314;508.497.946.803;508.470.967.197;120.602.803.803;120.575.824.197;07551.json
7552;Platz der Jugend 1,  Gera, Germany;5.092.507;120.596.501;509.264.189.803;509.237.210.197;120.609.990.803;120.583.011.197;07552.json
7554;Schlöpitzer Weg 2, 04626 Altkirchen, Germany;509.491.846;123.780.111;509.505.335.803;509.478.356.197;123.793.600.803;123.766.621.197;07554.json
7557;Crimla, Germany;508.030.199;120.451.666;508.064.383;50.794.987;120.626.919;12.030.905;07557.json
7570;Weida, Germany;507.753.192;120.560.529;508.059.245;507.470.048;120.880.206;120.097.926;07570.json
7580;Ronneburg, Germany;508.638.659;121.843.001;508.806.426;508.292.999;122.214.592;121.359.402;07580.json
7586;Bad Köstritz, Germany;509.307.183;120.076.316;509.486.841;509.082.956;12.048.613;119.485.652;07586.json
7589;Münchenbernsdorf, Germany;508.205.448;11.929.981;508.526.947;508.052.493;119.876.107;11.899.926;07589.json
7607;Eisenberg, Germany;509.686.064;118.926.466;509.892.661;509.341.255;119.329.038;118.465.721;07607.json
7613;Crossen an der Elster, Germany;509.779.548;119.823.368;50.993.148;509.623.211;120.208.795;119.531.985;07613.json
7616;Petersberg, Germany;509.390.093;117.502.775;50.999.026;50.908.945;11.879.147;11.691.519;07616.json
7619;Mertendorf, Germany;510.416.695;118.218.135;510.573.199;509.685.991;11.910.039;1.173.678;07619.json
7629;Hermsdorf, Germany;508.961.276;118.567.193;509.091.664;508.710.948;118.837.349;118.341.349;07629.json
7639;Bad Klosterlausnitz, Germany;509.222.429;118.704.091;509.516.729;508.917.209;119.527.661;11.809.938;07639.json
7646;Stadtroda, Germany;508.586.311;117.301.447;508.824.848;508.389.724;117.933.176;116.809.716;07646.json
7743;Jena, Germany;509.638.975;116.024.872;509.766.621;50.922.563;116.349.499;115.300.591;07743.json
7745;Jena, Germany;509.044.763;115.632.868;509.328.189;50.870.477;116.029.971;115.041.979;07745.json
7747;Jena, Germany;508.869.979;116.159.945;5.090.312;50.875.179;11.640.981;115.944.951;07747.json
7749;Jena, Germany;509.342.352;116.071.518;509.558.039;508.957.441;11.648.829;115.853.541;07749.json
7751;Dorfstraße 1, 99631 Weißensee, Germany;512.199.593;111.166.874;512.213.082.803;512.186.103.197;111.180.363.803;111.153.384.197;07751.json
7768;Kahla, Germany;50.800.241;115.837.085;508.257.686;507.872.646;116.114.234;115.590.519;07768.json
7774;Camburg, Germany;510.549.791;117.049.405;510.877.994;510.333.097;117.534.883;116.680.188;07774.json
7778;Dorndorf-Steudnitz, 07774 Saaleplatte, Germany;510.086.963;116.833.907;510.354.143;50.987.925;117.194.845;11.661.695;07778.json
7806;Neustadt an der Orla, Germany;507.367.065;117.538.634;507.738.893;506.974.111;117.954.887;116.838.607;07806.json
7819;Triptis, Germany;50.733.333;Nov 85;507.403.947;507.262.702;118.660.074;118.339.926;07819.json
7907;Schleiz, Germany;505.761.665;118.090.005;506.065.803;505.154.833;119.442.097;116.941.574;07907.json
7919;Mühltroff, Germany;505.394.658;119.289.489;50.617.745;50.502.722;119.663.799;118.719.839;07919.json
7922;Tanna, Germany;504.940.249;118.627.586;505.430.846;504.494.373;119.644.334;117.314.903;07922.json
7924;Ziegenrück, Germany;506.083.002;116.509.304;506.296.353;505.896.994;116.832.162;116.329.905;07924.json
7926;Gefell, Germany;50.439.414;118.617.977;50.473.062;504.001.139;119.279.019;117.238.101;07926.json
7927;Hirschberg, Germany;504.059.405;118.185.404;50.446.274;50.389.822;11.876.998;11.748.913;07927.json
7929;Saalburg,  Saalburg-Ebersdorf, Germany;50.502.794;117.313.922;50.506.257;504.993.465;117.398.845;117.228.095;07929.json
7937;Zeulenroda-Triebes, Germany;506.292.435;120.391.162;50.681.039;505.492.341;12.160.568;118.809.419;07937.json
7950;Zeulenroda-Triebes, Germany;506.953.645;120.106.199;50.737.528;5.065.631;12.085.227;119.215.829;07950.json
7952;Pausa-Mühltroff, Germany;505.918.585;119.943.259;50.635.124;50.542.856;1.203.647;119.337.901;07952.json
7955;Auma-Weidatal, Germany;507.067.322;119.010.897;50.747.654;506.592.879;119.439.139;118.669.359;07955.json
7957;Langenwetzendorf, Germany;506.794.867;120.940.219;507.111.451;506.222.531;12.167.234;120.273.889;07957.json
7958;Hohenleuben, Germany;50.710.912;120.531.849;50.729.562;50.688.117;120.847.339;12.030.439;07958.json
7973;Greiz, Germany;50.655.071;121.936.306;506.944.991;50.611.731;122.808.131;121.221.511;07973.json
7980;Berga, Germany;50.744.301;121.467.408;507.972.249;506.812.351;122.205.959;120.696.579;07980.json
7985;Elsterberg, Germany;506.095.624;121.702.369;506.415.549;505.804.869;122.217.921;121.118.289;07985.json
7987;Mohlsdorf-Teichwolframsdorf, Germany;506.966.979;122.479.252;507.572.912;50.644.369;123.222.177;121.526.037;07987.json
8056;Oberhohndorf,  Zwickau, Germany;506.990.497;125.118.153;507.057.415;506.900.352;12.524.995;125.024.355;08056.json
8058;Pölbitzer Str.,  Zwickau, Germany;507.379.661;124.880.959;507.402.527;507.367.386;124.957.678;124.801.769;08058.json
8060;Marienthal,  Zwickau, Germany;507.180.277;124.579.196;507.250.917;507.109.626;12.473.927;124.419.122;08060.json
8062;Zwickau, Germany;506.968.141;124.676.488;50.702.966;506.851.879;12.488.257;124.484.841;08062.json
8064;Rottmannsdorf,  Zwickau, Germany;506.628.316;124.712.529;506.658.215;506.561.526;124.795.342;124.649.512;08064.json
8066;Eckersbach,  Zwickau, Germany;507.375.343;125.074.057;507.445.954;507.304.722;125.234.131;124.913.983;08066.json
8107;Hartmannsdorf bei Kirchberg, Germany;505.927.385;125.466.196;50.653.024;505.507.908;12.614.933;124.280.899;08107.json
8112;Wilkau-Haßlau, Germany;506.725.499;12.511.863;50.690.272;506.443.589;125.585.449;124.827.209;08112.json
8115;Lichtentanne, Germany;506.925.394;124.262.965;50.710.729;50.636.982;12.460.499;123.762.191;08115.json
8118;Hartenstein, Germany;50.661.953;126.713.652;50.710.091;50.628.556;127.177.651;126.207.081;08118.json
8132;Mülsen St. Jacob,  Mülsen, Germany;507.326.389;125.805.507;507.435.355;507.227.737;125.977.597;125.682.565;08132.json
8134;Langenweißbach, Germany;506.683.488;126.088.829;50.696.733;506.083.879;12.657.207;125.326.471;08134.json
8141;Reinsdorf, Germany;506.934.889;125.462.188;50.717.685;506.691.689;12.597.773;125.156.049;08141.json
8144;Ebersbrunn, 08115 Lichtentanne, Germany;506.496.711;124.347.005;506.618.442;506.433.575;124.539.569;124.172.855;08144.json
8147;Crinitzberg, Germany;505.622.828;125.185.439;505.951.821;505.454.071;125.499.229;124.597.251;08147.json
8209;Auerbach, Germany;504.823.022;124.322.236;50.546.421;504.413.979;125.015.651;12.331.297;08209.json
8223;Werda, Germany;504.481.309;123.596.591;505.028.661;5.038.158;124.345.001;12.262.909;08223.json
8228;Rodewisch, Germany;505.311.154;124.056.694;50.576.569;50.504.674;124.691.999;123.648.841;08228.json
8233;Treuen, Germany;505.371.205;12.313.432;50.576.578;504.993.689;12.366.387;12.248.466;08233.json
8236;Ellefeld, Germany;504.853.457;123.861.042;50.497.278;50.465.319;124.111.049;12.370.576;08236.json
8237;Rothenkirchen,  Steinberg, Germany;505.390.347;125.026.371;505.529.254;505.334.359;125.130.167;124.896.231;08237.json
8239;Falkenstein, Germany;504.797.993;122.906.614;50.510.924;50.449.455;12.343.041;122.493.961;08239.json
8248;Klingenthal, Germany;50.370.718;124.681.708;504.202.503;503.468.396;125.166.669;124.259.907;08248.json
8258;Markneukirchen, Germany;503.051.377;123.244.969;50.353.781;50.253.378;12.410.228;12.278.536;08258.json
8261;Schöneck/Vogtland, Germany;50.388.063;123.328.862;504.301.091;50.345.516;124.093.181;1.224.468;08261.json
8262;Muldenhammer, Germany;50.431.765;124.642.595;504.687.161;50.396.605;1.258.488;123.935.259;08262.json
8267;Zwota, Germany;503.542.025;124.335.106;50.383.882;50.334.825;1.246.147;123.614.939;08267.json
8280;Aue, Germany;505.943.135;127.061.804;506.400.859;505.610.479;12.738.677;12.655.996;08280.json
8289;Schneeberg, Germany;505.909.829;126.400.263;50.619.404;505.626.839;12.661.327;125.774;08289.json
8294;Lößnitz, Germany;506.155.565;127.521.138;506.628.789;5.058.724;127.918.678;12.699.846;08294.json
8297;Zwönitz, Germany;506.495.135;128.257.791;50.700.108;505.953.919;12.910.935;127.621.748;08297.json
8301;Bad Schlema, Germany;506.050.031;126.711.487;50.639.668;505.868.411;126.948.221;126.301.279;08301.json
8304;Schönheide, Germany;504.934.203;125.233.159;505.267.111;50.461.363;125.862.899;124.594.931;08304.json
8309;Eibenstock, Germany;504.949.414;125.996.586;50.539.185;50.405.814;1.266.747;124.970.239;08309.json
8315;Bernsbach,  Lauter-Bernsbach, Germany;505.784.498;12.765.102;50.605.214;505.632.482;127.896.157;127.329.119;08315.json
8321;Zschorlau, Germany;505.628.061;12.641.115;50.583.345;50.518.309;126.869.579;12.608.181;08321.json
8324;Bockau, Germany;50.542.248;12.685.748;50.564.592;505.025.471;127.158.171;12.646.323;08324.json
8328;Stützengrün, Germany;505.334.887;125.414.645;505.640.349;505.114.261;126.179.181;12.474.681;08328.json
8340;Schwarzenberg, Germany;505.293.301;127.701.222;505.674.051;5.049.053;12.831.553;126.960.289;08340.json
8344;Grünhain-Beierfeld, Germany;505.680.349;127.978.949;50.610.892;505.456.234;128.476;12.778.777;08344.json
8349;Johanngeorgenstadt, Germany;504.323.597;126.966.658;50.457.803;5.039.705;12.753.947;126.469.659;08349.json
8352;Raschau-Markersbach, Germany;505.201.329;128.525.401;505.573.563;504.610.296;129.088.797;128.169.056;08352.json
8359;Breitenbrunn/Erzgebirge, Germany;504.662.659;127.698.509;505.168.839;50.430.003;128.984.261;12.696.685;08359.json
8371;Glauchau, Germany;508.065.808;125.499.009;5.085.286;50.756.566;126.205.599;12.484.439;08371.json
8373;Lößnitzer Str. 9A, 09350 Lichtenstein/Sachsen, Germany;507.533.294;126.335.329;507.546.783.803;507.519.804.197;126.348.818.803;126.321.839.197;08373.json
8393;Meerane, Germany;508.472.857;124.637.223;508.701.321;508.210.269;12.518.788;124.092.275;08393.json
8396;Oberwiera, Germany;508.871.319;12.586.579;509.095.111;508.384.179;12.647.826;12.507.389;08396.json
8412;Werdau, Germany;507.410.097;123.756.777;507.852.901;50.682.433;124.420.149;12.252.635;08412.json
8427;Fraureuth, Germany;507.007.725;123.576.756;507.192.829;506.631.859;123.940.599;123.121.141;08427.json
8428;Langenbernsdorf, Germany;507.498.561;122.931.088;507.891.539;50.728.291;12.351.142;122.267.821;08428.json
8451;Crimmitschau, Germany;508.073.347;123.475.959;508.573.459;50.781.638;124.478.199;122.429.549;08451.json
8459;Neukirchen/Pleiße, Germany;507.855.605;124.028.739;50.809.312;50.760.426;124.566.881;123.332.291;08459.json
8468;Limbach, Germany;506.203.648;123.217.972;506.632.671;50.580.156;12.422.257;12.263.579;08468.json
8485;Lengenfeld, Germany;505.693.132;123.661.079;50.620.941;50.546.668;12.449.489;122.898.049;08485.json
8491;Netzschkau, Germany;506.135.241;122.451.845;506.331.739;50.562.556;122.983.729;12.198.413;08491.json
8496;Neumark, Germany;506.603.895;12.355.939;506.781.889;5.063.355;12.397.125;123.139.549;08496.json
8499;Mylau, Germany;506.240.772;122.624.314;506.341.531;50.601.859;12.287.791;122.409.241;08499.json
8523;Plauen, Germany;504.979.145;121.139.095;50.513.255;50.470.235;12.155.345;120.874.841;08523.json
8525;Kauschwitz,  Plauen, Germany;50.524.448;120.925.219;505.263.764;505.202.987;120.981.336;120.870.639;08525.json
8527;Plauen, Germany;504.862.985;121.381.551;50.535.981;504.303.999;121.952.189;11.999.615;08527.json
8529;Plauen, Germany;504.943.032;121.729.563;50.519.771;504.806.009;12.205.396;12.146.791;08529.json
8538;Weischlitz, Germany;504.474.917;120.579.777;505.045.896;504.274.035;121.052.789;119.923.544;08538.json
8539;Mehltheuer, Germany;505.287.005;119.954.859;50.572.538;504.913.451;12.053.347;11.936.374;08539.json
8541;Neuensalz, Germany;505.035.535;122.239.868;505.511.149;5.044.948;122.851.769;121.814.349;08541.json
8543;Jocketa,  Pöhl, Germany;505.579.571;121.732.587;505.638.309;505.534.669;121.837.941;121.656.209;08543.json
8547;Jößnitz,  Plauen, Germany;505.387.859;121.371.542;505.496.126;505.315.852;121.498.902;121.263.048;08547.json
8548;Syrau, Germany;505.435.385;120.782.827;505.799.691;50.528.473;121.176.389;12.044.673;08548.json
8606;Oelsnitz, Germany;504.175.985;121.758.073;504.522.699;503.673.861;122.381.436;120.748.336;08606.json
8626;Adorf, Germany;503.453.106;122.426.911;50.405.536;50.288.665;123.250.221;12.090.275;08626.json
8645;Bad Elster, Germany;502.821.802;12.232.541;503.075.891;502.590.731;122.943.809;121.952.951;08645.json
8648;Bad Brambach, Germany;50.221.312;123.079.795;50.276.308;50.171.285;123.593.339;12.239.091;08648.json
9111;Chemnitz, Germany;508.365.233;129.239.317;508.483.561;508.233.391;12.938.017;12.913.408;09111.json
9112;Chemnitz, Germany;508.330.573;129.077.033;508.388.631;50.822.173;129.205.259;128.917.219;09112.json
9113;Chemnitz, Germany;508.460.084;129.101.142;5.086.225;508.360.909;12.937.142;12.887.552;09113.json
9114;Chemnitz, Germany;508.681.335;129.121.178;508.927.841;508.460.899;12.964.601;128.635.849;09114.json
9116;Chemnitz, Germany;508.290.179;12.872.972;508.504.481;50.788.433;12.898.965;128.435.299;09116.json
9117;Chemnitz, Germany;508.220.669;128.405.599;50.848.755;507.942.499;128.609.401;128.015.239;09117.json
9119;Chemnitz, Germany;508.175.814;128.959.545;50.828.781;50.802.005;12.915.974;128.768.731;09119.json
9120;Chemnitz, Germany;50.804.263;129.051.769;508.263.409;50.796.632;12.932.763;128.845.289;09120.json
9122;Chemnitz, Germany;507.961.521;128.822.288;508.080.889;5.078.585;129.090.011;128.679.749;09122.json
9123;Chemnitz, Germany;507.868.675;128.945.945;507.964.561;507.427.891;129.995.998;128.690.019;09123.json
9125;Chemnitz, Germany;507.941.097;129.331.275;5.081.171;50.761.545;129.785.129;12.904.192;09125.json
9126;Chemnitz, Germany;508.191.139;129.376.782;508.323.159;508.005.051;129.609.619;129.202.189;09126.json
9127;Chemnitz, Germany;508.183.343;129.655.202;5.085.204;50.789.905;130.276.331;12.942.579;09127.json
9128;Chemnitz, Germany;50.801.795;13.020.846;50.852.309;50.769.508;13.053.064;12.982.296;09128.json
9130;Chemnitz, Germany;50.835.937;129.558.164;50.847.027;508.287.369;12.974.311;12.929.842;09130.json
9131;Chemnitz, Germany;508.645.071;129.569.475;50.895.217;50.831.399;12.999.244;12.934.152;09131.json
9212;Limbach-Oberfrohna, Germany;508.676.316;127.159.205;50.924.638;50.821.617;12.806.745;126.378.781;09212.json
9217;Burgstädt, Germany;509.261.392;128.086.635;509.493.641;50.881.542;128.530.851;12.756.629;09217.json
9221;Neukirchen, Germany;507.793.722;128.669.818;508.018.989;50.736.444;129.049.851;12.814.085;09221.json
9224;Chemnitz, Germany;508.181.869;127.804.699;50.850.131;5.078.493;128.268.173;12.730.545;09224.json
9228;Chemnitz, Germany;508.823.933;128.686.772;50.903.213;50.869.523;12.896.236;12.823.166;09228.json
9232;Hartmannsdorf, Germany;508.800.728;12.794.579;509.005.479;508.671.351;12.826.398;12.761.274;09232.json
9235;Burkhardtsdorf, Germany;507.344.175;129.225.002;50.759.056;50.704.716;12.979.176;12.855.477;09235.json
9236;Claußnitz, Germany;509.409.267;128.904.197;509.581.389;50.914.116;129.346.669;128.212.201;09236.json
9241;Mühlau, Germany;508.996.001;127.653.047;50.918.489;50.883.866;127.842.001;127.389.339;09241.json
9243;Niederfrohna, Germany;508.835.205;127.378.334;509.081.469;50.866.222;1.276.653;12.698.751;09243.json
9244;Oberlichtenau,  Lichtenau, Germany;509.049.977;129.785.604;509.084.581;509.002.087;129.841.846;129.664.898;09244.json
9247;Röhrsdorf,  Chemnitz, Germany;508.674.117;128.057.728;508.687.606.803;508.660.627.197;128.071.217.803;128.044.238.197;09247.json
9249;Taura, Germany;509.176.492;128.433.679;509.288.978;508.967.949;12.896.915;128.199.729;09249.json
9306;Rochlitz, Germany;510.506.956;127.944.283;510.788.566;510.090.898;128.192.074;127.098.647;09306.json
9322;Penig, Germany;50.938.449;126.975.126;51.006.813;50.901.311;12.768.537;126.151.829;09322.json
9326;Geringswalde, Germany;510.778.024;129.057.027;5.110.554;51.043.494;129.538.319;128.622.139;09326.json
9328;Lunzenau, Germany;509.698.829;127.485.375;509.903.059;50.939.819;128.097.411;126.912.071;09328.json
9337;Hohenstein-Ernstthal, Germany;508.009.829;127.132.681;508.340.181;507.890.049;127.690.684;126.543.378;09337.json
9350;Lichtenstein, Germany;507.547.759;126.271.536;50.784.073;50.721.263;12.669.613;126.006.969;09350.json
9353;Oberlungwitz, Germany;507.864.334;127.238.345;508.038.706;50.768.502;12.779.623;126.827.871;09353.json
9355;Gersdorf, Germany;507.584.086;127.100.191;50.782.322;50.738.811;12.729.262;12.679.089;09355.json
9356;Sankt Egidien, Germany;50.789.161;126.145.217;508.249.569;50.765.749;12.667.266;125.841.239;09356.json
9366;Niederdorf, Germany;507.266.593;127.861.111;507.517.648;507.116.875;128.416.958;127.713.718;09366.json
9376;Oelsnitz/Erzgebirge, Germany;507.107.383;127.018.167;507.409.501;50.688.343;12.750.326;12.640.367;09376.json
9380;Thalheim, Germany;507.054.352;128.445.115;50.720.691;50.677.797;128.720.449;128.176.039;09380.json
9385;Lugau, Germany;507.399.531;127.466.648;50.790.013;507.275.621;12.793.958;12.713.006;09385.json
9387;Jahnsdorf/Erzgeb, Germany;507.655.397;128.021.669;50.788.582;507.156.809;1.286.967;127.799.501;09387.json
9390;Gornsdorf, Germany;507.087.049;128.860.139;507.229.579;506.935.761;129.007.349;128.642.089;09390.json
9392;Auerbach, Germany;506.876.767;129.121.843;507.031.599;50.669.413;129.369.851;128.839.441;09392.json
9394;Hohndorf, Germany;50.745.437;126.742.535;507.548.409;50.730.651;1.269.274;126.508.099;09394.json
9399;Niederwürschnitz, Germany;507.212.242;127.550.645;50.744.972;507.096.979;127.778.491;127.383.061;09399.json
9405;Gornau, Germany;50.747.343;130.745.827;50.769.955;50.718.937;130.918.349;130.169.978;09405.json
9419;Thum, Germany;506.704.527;129.512.865;50.696.974;50.653.186;12.995.873;12.900.279;09419.json
9423;Gelenau/Erzgeb., Germany;507.146.352;129.506.404;507.331.549;50.688.986;13.010.342;128.903.821;09423.json
9427;Ehrenfriedersdorf, Germany;506.481.248;129.686.832;50.670.373;506.233.003;130.027.201;129.023.751;09427.json
9429;Wolkenstein, Germany;506.558.649;130.703.252;50.690.813;506.245.521;131.331.019;130.113.079;09429.json
9430;Drebach, Germany;506.760.468;130.200.248;507.279.809;50.641.782;130.704.999;12.969.022;09430.json
9432;Großolbersdorf, Germany;506.945.695;130.888.151;507.220.298;506.726.529;131.227.581;130.567.389;09432.json
9434;Krumhermersdorf,  Zschopau, Germany;507.349.444;131.033.586;507.542.569;507.242.532;131.128.566;130.976.007;09434.json
9437;Waldkirchen,  Grünhainichen, Germany;507.667.318;131.084.134;507.689.346;507.605.247;131.262.536;130.910.303;09437.json
9439;Amtsberg, Germany;507.342.313;130.108.691;507.795.961;507.173.459;130.571.869;129.674.759;09439.json
9456;Mildenau, Germany;505.814.953;130.552.336;50.616.025;505.373.281;131.494.949;129.714.409;09456.json
9465;Sehmatal, Germany;504.846.763;129.806.115;50.551.098;504.452.621;130.294.761;12.915.916;09465.json
9468;Tannenberg, Germany;506.049.814;129.491.665;506.273.879;505.953.164;129.809.273;129.062.007;09468.json
9471;Bärenstein,  Bärenstein, Germany;505.086.111;130.194.444;505.157.066;505.015.145;130.354.518;13.003.437;09471.json
9474;Walthersdorf,  Crottendorf, Germany;50.542.056;129.559.451;505.472.997;50.537.438;129.644.962;129.447.798;09474.json
9477;Jöhstadt, Germany;505.320.843;13.119.003;50.575.622;50.500.042;132.002.311;130.580.229;09477.json
9481;Scheibenberg, Germany;505.407.967;129.129.742;505.663.647;505.115.385;129.298.029;128.857.435;09481.json
9484;Oberwiesenthal, Germany;50.440.517;129.526.705;5.046.624;504.039.729;130.224.941;128.595.161;09484.json
9487;Schlettau, Germany;505.666.404;129.538.822;506.014.988;505.364.099;129.841.429;129.038.651;09487.json
9488;Neundorf,  Thermalbad Wiesenbad, Germany;506.317.613;130.158.111;506.349.183;506.264.878;130.245.986;130.042.226;09488.json
9496;Pobershau,  Marienberg, Germany;506.407.508;132.223.104;506.629.389;506.228.202;132.459.112;131.936.402;09496.json
9509;Pockau-Lengefeld, Germany;507.037.331;132.257.882;50.744.203;50.661.928;13.312.826;131.898.661;09509.json
9514;Pockau-Lengefeld, Germany;50.735.314;131.866.916;50.776.843;506.748.551;132.757.169;131.153.631;09514.json
9518;Großrückerswalde, Germany;506.296.936;13.117.615;50.652.209;50.581.256;13.180.293;13.061.387;09518.json
9526;Heidersdorf, Germany;506.755.977;134.058.582;506.890.263;506.475.367;134.353.135;133.750.977;09526.json
9544;Neuhausen, Germany;506.767.912;134.691.343;50.726.284;50.631.121;13.544.392;13.427.892;09544.json
9548;Deutschneudorf, Germany;506.483.533;134.524.206;506.649.851;50.601.476;13.511.797;134.132.631;09548.json
9557;Flöha, Germany;50.855.488;130.716.773;508.797.619;508.293.464;131.413.541;130.324.265;09557.json
9569;Oederan, Germany;508.736.601;131.795.546;50.932.043;508.112.779;132.551.439;131.180.191;09569.json
9573;Leubsdorf, Germany;508.081.717;13.104.331;50.840.504;507.632.879;132.114.111;13.017.121;09573.json
9575;Eppendorf, Germany;507.922.423;132.432.804;508.347.449;50.763.553;13.310.554;13.193.567;09575.json
9577;Niederwiesa, Germany;508.633.227;130.154.259;50.891.989;508.473.669;13.053.859;129.812.369;09577.json
9579;Grünhainichen, Germany;507.727.755;131.826.447;50.785.057;50.744.952;132.379.889;1.312.841;09579.json
9599;Freiberg, Germany;509.093.863;133.291.918;50.959.695;508.750.791;133.989.229;132.661.861;09599.json
9600;Hauptstraße 25, 09212 Limbach-Oberfrohna, Germany;508.551.044;127.925.156;508.564.533.803;508.537.554.197;127.938.645.803;127.911.666.197;09600.json
9603;Hauptstraße 25, 09212 Limbach-Oberfrohna, Germany;508.551.044;127.925.156;508.564.533.803;508.537.554.197;127.938.645.803;127.911.666.197;09603.json
9618;Großhartmannsdorf, Germany;50.798.815;133.218.443;50.887.435;50.739.959;1.336.192;132.255.189;09618.json
9619;Mulda, Germany;507.612.417;134.192.075;50.826.312;506.744.879;134.829.451;133.365.771;09619.json
9623;Rechenberg-Bienenmühle, Germany;507.357.342;135.527.818;507.766.699;507.089.769;136.521.012;13.461.962;09623.json
9627;Niederbobritzsch,  Bobritzsch-Hilbersdorf, Germany;508.982.426;134.362.756;509.228.655;508.839.339;134.502.112;134.242.303;09627.json
9629;Reinsberg, Germany;510.098.256;133.779.264;51.052.248;50.981.202;1.345.755;133.097.181;09629.json
9633;Halsbrücke, Germany;509.550.368;133.476.849;50.993.138;509.314.279;134.752.869;13.329.195;09633.json
9634;Hirschfeld,  Reinsberg, Germany;510.406.096;133.586.557;51.043.805;510.353.145;133.692.351;133.373.274;09634.json
9638;Lichtenberg, Germany;508.443.096;134.059.465;50.860.732;50.801.642;13.467.636;133.254.009;09638.json
9648;Altmittweida, Germany;50.970.958;129.761.119;51.061.359;509.442.721;13.120.739;128.638.039;09648.json
9661;Hainichen, Germany;509.694.542;131.220.989;510.087.301;509.098.202;132.090.409;130.582.951;09661.json
9669;Frankenberg, Germany;50.918.104;130.685.643;509.648.441;508.743.249;13.165.908;12.987.814;09669.json